TimeStamp,cc:d5:39:a0:cd:b4,cc:d5:39:e9:5c:a1,24:01:c7:08:b3:f1,24:01:c7:08:b3:fa,cc:d5:39:a0:cd:b0,cc:d5:39:e9:5c:a0,cc:d5:39:a0:cd:be,34:a8:4e:c6:22:00,24:01:c7:08:b3:fc,34:a8:4e:c6:22:04,cc:d5:39:89:6c:b1,cc:d5:39:e9:5c:a2,24:01:c7:6c:fc:52,cc:d5:39:e9:5c:a4,cc:d5:39:a0:cd:b5,24:01:c7:6c:fc:54,24:01:c7:08:b3:f2,34:a8:4e:c6:22:05,24:01:c7:08:b3:fe,24:01:c7:6c:fc:50,24:01:c7:33:7f:a5,24:01:c7:33:7f:a0,cc:d5:39:89:6c:b2,cc:d5:39:a0:cd:bd,cc:d5:39:a0:cd:b1,cc:d5:39:e9:5c:a5,24:01:c7:08:b3:f5,24:01:c7:08:b3:f0,24:01:c7:33:7f:aa,cc:d5:39:a0:cd:bf,cc:d5:39:a0:cd:ba,24:01:c7:6c:fc:55,34:a8:4e:c6:22:01,cc:d5:39:89:6c:b4,cc:d5:39:a0:cd:b2,24:01:c7:33:7f:a4,24:01:c7:33:7f:ac,24:01:c7:08:b3:fb,24:01:c7:08:b3:ff,24:01:c7:6c:fc:51,24:01:c7:08:b3:fd,34:a8:4e:c6:22:02,24:01:c7:33:7f:ae,24:01:c7:6c:fc:5f,24:01:c7:6c:fc:5b,cc:d5:39:a0:cd:bc,cc:d5:39:89:6c:b5,24:01:c7:33:7f:a1,24:01:c7:6c:fc:5d,24:01:c7:6c:fc:5a,24:01:c7:33:7f:a2,24:01:c7:6c:fc:5c,24:01:c7:33:7f:ab,cc:d5:39:e5:b3:85,24:01:c7:33:7f:ad,24:01:c7:08:b3:f4,cc:d5:39:a0:cd:bb,24:01:c7:33:7f:af,24:01:c7:6c:fc:5e,cc:d5:39:e5:b3:81,88:75:56:44:c6:e0,58:97:1e:f7:73:b5,cc:d5:39:e5:b3:82,cc:d5:39:e5:b3:80,cc:d5:39:e5:b3:84,58:97:1e:f7:73:b1,24:01:c7:77:3e:a0,24:01:c7:77:3e:a4,24:01:c7:77:3e:a5,24:01:c7:b0:92:21,24:01:c7:b0:92:22,cc:d5:39:e5:b3:8e,24:01:c7:77:3e:a2,cc:d5:39:e5:b3:8c,cc:d5:39:e5:b3:8a,e0:d1:73:ff:ee:55,88:75:56:44:c6:e4,88:75:56:44:c6:e5,58:97:1e:f7:73:b2,cc:d5:39:e5:b3:8d,e0:d1:73:ff:ee:51,58:97:1e:f7:73:b4,e0:d1:73:ff:ee:52,cc:d5:39:e5:b3:8f,cc:d5:39:e5:b3:8b,e0:d1:73:ff:ee:54,58:97:1e:f7:73:b0,88:75:56:44:c6:e1,e0:d1:73:ff:ee:50,88:75:56:44:c6:e2,cc:d5:39:25:b4:34,cc:d5:39:25:b4:30,cc:d5:39:25:b4:35,88:75:56:44:c6:ea,58:97:1e:f7:73:bb,58:97:1e:f7:73:bd,58:97:1e:f7:73:bf,88:75:56:44:c6:ef,58:97:1e:f7:73:be,24:01:c7:ca:81:00,88:75:56:44:c6:ed,24:01:c7:ca:81:04,24:01:c7:ca:81:02,88:75:56:44:c6:eb,24:01:c7:ca:81:0c,00:19:a9:a3:78:e0,88:75:56:44:c6:ec,cc:d5:39:25:b4:31,24:01:c7:ca:81:0d,58:97:1e:f7:73:ba,88:75:56:44:c6:ee,cc:d5:39:25:b4:32,58:97:1e:f7:73:bc,24:01:c7:ca:81:0f,24:01:c7:ca:81:05,24:01:c7:ca:81:0e,24:01:c7:ca:81:01,24:01:c7:ca:81:0a,24:01:c7:ca:81:0b,34:a8:4e:a2:a3:96,34:a8:4e:a2:a3:91,34:a8:4e:a2:a3:9b,34:a8:4e:a2:a3:95,34:a8:4e:a2:a3:9d,34:a8:4e:a2:a3:93,34:a8:4e:a2:a3:9e,34:a8:4e:a2:a3:9c,34:a8:4e:a2:a3:99,88:75:56:4b:3a:51,34:a8:4e:e9:e0:f1,88:75:56:4b:3a:56,34:a8:4e:a2:a3:92,34:a8:4e:e9:e0:f2,34:a8:4e:a2:a3:9f,34:a8:4e:a2:a3:9a,88:75:56:4b:3a:50,88:75:56:4b:3a:55,34:a8:4e:b0:4f:c6,88:75:56:4b:3a:53,34:a8:4e:b0:4f:c2,34:a8:4e:b0:4f:c1,34:a8:4e:e9:e0:f5,34:a8:4e:e9:e0:f0,34:a8:4e:e9:e0:f3,c0:62:6b:0a:26:d5
1453855915728,-72,-72,-79,-89,-72,-78,-89,-85,-89,-86,-84,-77,-85,-77,-72,-85,-80,-84,-89,-86,-88,-88,-84,-89,,,,,,,,,,,,,,,,,,,,,,,,,,,,,,,,,,,,,,,,,,,,,,,,,,,,,,,,,,,,,,,,,,,,,,,,,,,,,,,,,,,,,,,,,,,,,,,,,,,,,,,,,,,,,,,,,,,,,,,,,
1453855916659,,,,-89,-72,-77,-89,-85,-89,-86,-84,-76,-85,-77,-72,-85,,-84,-89,-86,-88,-88,-84,-89,-70,-76,-77,-78,-87,-87,-88,-86,-86,-88,-70,,,,,,,,,,,,,,,,,,,,,,,,,,,,,,,,,,,,,,,,,,,,,,,,,,,,,,,,,,,,,,,,,,,,,,,,,,,,,,,,,,,,,,,,,,,,,,,,,,,,,,,,,,,,,,
1453855917557,-76,-74,-77,-89,-76,-74,-89,-89,-89,-86,-84,-73,-86,-75,-76,-86,-77,-84,-89,-86,-88,-88,-84,-89,-70,-76,-77,-78,-87,-87,-88,-86,-86,-88,-70,-87,,,,,,,,,,,,,,,,,,,,,,,,,,,,,,,,,,,,,,,,,,,,,,,,,,,,,,,,,,,,,,,,,,,,,,,,,,,,,,,,,,,,,,,,,,,,,,,,,,,,,,,,,,,,,
1453855918462,-76,-70,-77,-89,-76,-70,-89,-89,-89,-86,-84,-70,-86,-75,-76,-86,-77,-84,-89,-86,-88,-88,-84,-89,-71,-71,-73,-78,-86,-90,-90,-86,-86,-88,-70,-87,-86,-87,-88,-87,-87,-85,,,,,,,,,,,,,,,,,,,,,,,,,,,,,,,,,,,,,,,,,,,,,,,,,,,,,,,,,,,,,,,,,,,,,,,,,,,,,,,,,,,,,,,,,,,,,,,,,,,,,,,
1453855919388,-69,-73,-75,-85,-76,-72,-89,-89,-89,-84,-84,-71,-86,-75,-76,-86,-77,-84,-89,-86,-88,-88,-84,-89,-71,-71,-79,-78,-86,-90,-86,-86,-86,-88,-70,-87,-86,-84,-88,-82,-87,-87,-84,-88,-89,-90,-89,-89,-87,,,,,,,,,,,,,,,,,,,,,,,,,,,,,,,,,,,,,,,,,,,,,,,,,,,,,,,,,,,,,,,,,,,,,,,,,,,,,,,,,,,,,,,,,,,,,,,,
1453855920343,-65,-67,-66,-82,-66,-72,-81,-89,-83,-84,,-68,-82,-75,-76,-86,-77,,,,,,,-79,-71,-71,-79,-78,-86,-79,-86,-86,-86,-88,-65,-83,-86,-84,-83,-82,-83,-89,-82,-84,-89,-81,-89,-89,-87,-88,-84,,,,,,,,,,,,,,,,,,,,,,,,,,,,,,,,,,,,,,,,,,,,,,,,,,,,,,,,,,,,,,,,,,,,,,,,,,,,,,,,,,,,,,,,,,,,,,
1453855921246,-65,-69,-70,-84,-66,-72,-81,-89,-83,-84,,-68,-79,-75,-76,-86,-77,,,-80,,,,-82,-71,-71,-68,,-86,-82,-86,,,,-66,-83,-79,-82,-84,-80,-84,-89,-81,-83,-82,-81,-89,-85,-85,-88,-85,,,,,,,,,,,,,,,,,,,,,,,,,,,,,,,,,,,,,,,,,,,,,,,,,,,,,,,,,,,,,,,,,,,,,,,,,,,,,,,,,,,,,,,,,,,,,,
1453855922168,-65,-69,-64,-82,-62,-72,-78,,-80,-84,,-67,-79,-68,-62,-79,-67,,-81,-79,-81,-81,,-78,-71,-71,-68,,-86,-78,-86,,,,-66,-80,-79,-82,-79,-80,-80,-89,-80,-83,-82,-81,-89,-85,-85,-79,-85,-79,-81,-88,-81,,,,,,,,,,,,,,,,,,,,,,,,,,,,,,,,,,,,,,,,,,,,,,,,,,,,,,,,,,,,,,,,,,,,,,,,,,,,,,,,,,,,,,,,,,
1453855923097,-65,-69,-64,-82,-62,-66,-78,,-82,-84,,-68,-79,-67,-63,-80,-67,,-79,-81,-83,-83,,-73,,,-68,-63,,-74,-86,-81,,,-66,-80,-79,-82,-81,-80,-81,-89,-80,-83,-82,-81,-89,-85,-85,-83,-85,-82,-79,-87,-83,-64,-77,-80,-84,,,,,,,,,,,,,,,,,,,,,,,,,,,,,,,,,,,,,,,,,,,,,,,,,,,,,,,,,,,,,,,,,,,,,,,,,,,,,,,,,,,,,,
1453855924024,-65,-69,-64,-82,-62,-62,-78,,-82,,,-68,-79,-62,-63,-80,-67,,-81,-78,-83,-83,,-77,-59,-62,-68,-65,-82,-77,,-78,,,-66,-80,-79,-82,-78,-80,-79,-89,-80,-83,-82,-81,,-85,-85,-83,-85,-82,-76,-87,-83,-65,-77,-80,-79,,,,,,,,,,,,,,,,,,,,,,,,,,,,,,,,,,,,,,,,,,,,,,,,,,,,,,,,,,,,,,,,,,,,,,,,,,,,,,,,,,,,,,
1453855924944,-65,-69,-64,-82,-62,-62,-78,,-82,,,-68,-79,-62,-63,-80,-67,,-81,-78,-83,-83,,-61,-48,-62,-64,-65,-73,-62,-62,-77,,,-66,-80,-70,-73,-75,-80,-75,,-80,-83,-82,,,-82,-73,-83,-85,-82,-76,-87,-83,-65,-65,-71,-70,-86,,,,,,,,,,,,,,,,,,,,,,,,,,,,,,,,,,,,,,,,,,,,,,,,,,,,,,,,,,,,,,,,,,,,,,,,,,,,,,,,,,,,,
1453855925856,-49,-57,-64,-82,-62,-62,-78,,-82,,,-68,-79,-62,-63,-80,-67,,-81,-78,-83,-83,,-64,-48,-62,-65,-65,-74,-64,-66,-77,,,-48,-80,-70,-78,-75,-66,-75,,-80,-71,-70,-65,,-79,-70,-83,-79,-82,-76,-87,-70,-65,-65,-70,-70,-86,-85,-89,-83,,,,,,,,,,,,,,,,,,,,,,,,,,,,,,,,,,,,,,,,,,,,,,,,,,,,,,,,,,,,,,,,,,,,,,,,,,,,,,,,,,
1453855926771,-49,-58,-61,-77,-48,-62,-65,,-75,,,-56,-71,-62,-48,-70,-67,,-81,-78,-83,-78,,-62,-48,-62,-65,-65,-74,-62,-66,-77,,,-48,-78,-70,-78,-76,-70,-75,,-71,-72,-70,-66,,-79,-71,-71,-78,-82,-76,-87,-72,-65,-65,-70,-70,-86,-85,-89,-83,-82,-82,,,,,,,,,,,,,,,,,,,,,,,,,,,,,,,,,,,,,,,,,,,,,,,,,,,,,,,,,,,,,,,,,,,,,,,,,,,,,,,,
1453855927740,-60,-56,-59,-73,-60,-62,-62,,-75,,,-56,-74,-62,-48,-70,,,-81,-78,-83,-78,,-62,-48,-62,-65,-65,-74,-62,-66,-77,,,-61,-77,-70,-78,-71,-74,-71,,-72,-74,-76,-66,,-79,-74,-75,-78,,-76,,-71,-65,-65,-71,-70,-86,-85,-89,-83,-84,-82,-86,-86,,,,,,,,,,,,,,,,,,,,,,,,,,,,,,,,,,,,,,,,,,,,,,,,,,,,,,,,,,,,,,,,,,,,,,,,,,,,,,
1453855928691,-53,-55,-58,-73,-53,,-65,,-70,,,-53,-76,,-48,-70,,,,,,-78,,-64,-48,-62,-65,-65,-74,-63,-66,-77,,,-53,-75,-70,-78,-73,-75,-72,,-70,-77,-76,-66,,-79,-74,-74,-76,,,,-69,,-65,-69,-70,-86,-85,-89,-81,-81,-80,-86,-82,-82,-83,-86,-86,,,,,,,,,,,,,,,,,,,,,,,,,,,,,,,,,,,,,,,,,,,,,,,,,,,,,,,,,,,,,,,,,,,,,,,,,,
1453855929640,-54,-50,-56,-66,-55,,-65,,-70,,,-53,-76,,-48,-70,,,,,,-78,,-62,,,-65,,-74,-62,-65,,,,-53,-74,-69,-78,-65,-75,-65,,-70,-77,-78,-63,,-72,-74,-74,-76,,,,-68,,,-68,,,-85,-89,-81,-78,-79,-86,-79,-79,-83,-86,-86,-88,-79,,,,,,,,,,,,,,,,,,,,,,,,,,,,,,,,,,,,,,,,,,,,,,,,,,,,,,,,,,,,,,,,,,,,,,,,
1453855930578,-51,-54,-56,-66,-55,,-65,,-70,,,-53,-76,,-48,-70,,,,,,-78,,-65,-51,-50,-56,,,-65,-65,,,,-51,-74,-69,-65,-65,-74,-64,,-70,-75,-75,-65,,-74,-75,-74,-67,,,,-65,,,-65,,,,-87,-79,-78,-80,-86,-79,-84,-83,-86,-86,-88,-85,-85,-88,-86,-87,,,,,,,,,,,,,,,,,,,,,,,,,,,,,,,,,,,,,,,,,,,,,,,,,,,,,,,,,,,,,,,,,,,,
1453855931496,-53,-53,-53,-65,-55,,-65,,-70,,,-53,-76,,,,,,,,,,,-65,-51,-50,-56,,,-65,-65,,,,-55,-74,-67,-66,-65,-76,-65,,-63,-74,-75,-65,,-70,-76,-74,-72,,,,-63,,,-63,,,,-87,-78,-78,-79,-86,-79,-86,-83,-86,-86,-87,-87,-88,-88,-86,-87,-88,,,,,,,,,,,,,,,,,,,,,,,,,,,,,,,,,,,,,,,,,,,,,,,,,,,,,,,,,,,,,,,,,,,
1453855932426,-53,-43,-54,-62,-54,,-74,,-65,,,-44,-76,,-53,-75,,,,,,-72,,-74,-51,-50,-56,,,-74,-65,,,,-55,-75,-67,-66,-63,-78,-63,,-65,-78,-75,-73,,-70,-76,-78,-72,-80,,-78,-66,,,-66,,,,-87,-76,-77,-78,-86,-87,-86,-88,-86,-86,-88,-87,-88,-88,-86,-87,-88,-86,-91,,,,,,,,,,,,,,,,,,,,,,,,,,,,,,,,,,,,,,,,,,,,,,,,,,,,,,,,,,,,,,,,,
1453855933362,-53,-43,-56,-71,-51,,-69,,-69,,,-43,-75,-43,-51,-75,-56,,,-76,,-72,,-70,-51,-50,-56,,,-70,-65,,,,-55,-72,-67,-66,-69,-78,-68,,-66,-78,-75,-73,,-70,-78,-81,-75,-80,-65,-77,-64,,,-64,,,,-87,-76,-77,-78,-86,-87,-86,-88,,,-89,-87,-88,-88,-86,-87,-88,-86,-89,-86,-87,-85,,,,,,,,,,,,,,,,,,,,,,,,,,,,,,,,,,,,,,,,,,,,,,,,,,,,,,,,,,,,,,
1453855934300,-54,-43,-57,-71,-54,,-68,,-67,,,-43,-79,-43,-54,-79,-58,,,-76,,-72,,-69,-51,-50,-56,,,-68,-65,,,,-55,-70,-67,-66,-67,-78,-67,,-66,-78,-75,-73,,-70,-78,-77,-70,-78,-65,-79,-65,,,-65,,,,-87,-77,-78,-78,-85,-87,-86,-88,,,-86,-87,-88,-88,-86,-87,-88,-87,-85,-87,-87,-85,,,,,,,,,,,,,,,,,,,,,,,,,,,,,,,,,,,,,,,,,,,,,,,,,,,,,,,,,,,,,,
1453855935233,-54,-43,-57,-71,-56,-41,-70,,-63,,,-42,-79,-42,-56,-79,-55,,-68,-79,-73,-72,,-70,,,,,,-70,-65,,,,-55,-70,-67,-66,-64,-78,-64,,-66,-78,-75,-73,,-70,-78,-79,-70,-80,-65,-76,-66,-56,,-67,,,,,-75,-74,-78,-85,-87,-86,-88,,,-86,-87,-88,,,-87,-88,-87,-82,-87,-86,-86,-81,-84,,,,,,,,,,,,,,,,,,,,,,,,,,,,,,,,,,,,,,,,,,,,,,,,,,,,,,,,,,,,
1453855936146,-54,-43,-57,-71,-56,-42,-76,,-71,,,-40,-83,-41,-58,-83,-57,,-76,-83,-72,-74,,-75,,,,,,-76,,,,,,-73,,,-75,-78,-74,,-66,-78,,-73,,,-78,-83,-70,-85,-67,-72,-64,-56,-75,-64,-83,,,,-75,-74,-78,-85,-87,,-88,,,-86,,,,,,,-85,-87,-87,-87,-86,-86,-83,-87,-88,,,,,,,,,,,,,,,,,,,,,,,,,,,,,,,,,,,,,,,,,,,,,,,,,,,,,,,,,,
1453855937136,-54,,-57,-71,-56,-36,-76,,-71,,,-40,-83,-41,-58,-83,-57,,-76,-83,-73,-74,,-72,-58,-37,-58,-58,-68,-72,,-81,,,,-73,,,-70,,-69,,-66,-78,,,,,-78,-83,-70,-85,-67,-72,-68,-59,-72,-68,-81,-73,,-85,-75,-74,,-85,,,,,,-86,,,-81,,,,-85,-83,-87,-87,-86,-82,-82,-86,-88,-84,-86,,,,,,,,,,,,,,,,,,,,,,,,,,,,,,,,,,,,,,,,,,,,,,,,,,,,,,,,
1453855938070,-64,-42,-62,-71,-64,-36,-70,,-69,,,-42,-81,-41,-58,-81,-57,,-76,-83,-73,-72,,-69,-58,-37,-58,-58,-68,-69,,-81,,,,-68,,,-70,,-70,,-64,-81,,-69,,,,-82,-67,-85,-67,-70,-63,-59,-72,-63,-81,-73,,-85,-75,-68,-68,-87,,,,,,-78,,,-81,,,,-86,-80,-87,-87,-86,-80,-82,-86,-88,-84,-86,,,,,,,,,,,,,,,,,,,,,,,,,,,,,,,,,,,,,,,,,,,,,,,,,,,,,,,,
1453855938992,-65,-46,-65,-70,-64,-36,-66,,-71,,,-49,-81,-50,-67,-81,-64,,-76,-83,-73,-70,,-66,-58,-37,-58,-58,-68,-66,,-81,,,,-69,,,-70,,-70,,-62,-81,,-69,,,,-85,-69,-84,-67,-66,-62,-59,-72,-62,-81,-73,,-85,-75,-67,-68,-85,,,,,,-84,,,-81,,,-86,-83,-79,-87,-87,-86,-83,-82,-86,-88,-84,-86,,,,,,,,,,,,,,,,,,,,,,,,,,,,,,,,,,,,,,,,,,,,,,,,,,,,,,,,
1453855939910,-65,-46,-65,-70,-64,-49,-68,,-73,,,-48,-83,-49,-64,-83,-65,,-73,-83,-69,-73,,-70,-58,-37,-58,-58,-68,-68,,-81,,,,-69,,,-73,,-72,,-62,-81,,-69,,,,-85,-69,-83,-67,-63,-66,-64,-70,-66,-85,-73,,-85,,-67,-68,-85,,,,,,-84,,,-81,,,-86,-82,-75,-87,-84,-87,-74,-77,-88,-83,-84,-86,,,,,,,,,,,,,,,,,,,,,,,,,,,,,,,,,,,,,,,,,,,,,,,,,,,,,,,,
1453855940857,-65,-46,-65,-70,-64,-46,-68,,-73,,,-48,-83,-49,-64,-83,-65,,-73,-82,-68,-73,,-71,-62,-44,-64,-63,-66,-70,,-82,,,,-69,,,-76,,-76,,-62,-81,,-69,,,-85,-85,-69,-83,-67,-63,-63,-63,-71,-64,-84,-65,,-85,,-67,-68,-85,,,,,,-84,,,-76,,,-86,-82,-73,-87,-84,-87,-74,-75,-88,-84,-86,-84,-84,,,,,,,,,,,,,,,,,,,,,,,,,,,,,,,,,,,,,,,,,,,,,,,,,,,,,,,
1453855941817,-62,-49,-64,-82,-62,-46,-75,,-79,,,-49,-81,-49,-62,-81,-65,,-73,-82,-68,-71,,-73,-62,-44,-64,-63,-66,-72,,-82,,,,-72,,,-79,-81,-79,,-68,-83,,-73,,,-85,-83,-69,-83,-67,-65,-66,-63,-71,-66,-84,-65,,,,-65,-65,-84,,,,,,-75,,,-76,,,-86,-85,-75,-87,-84,-87,-75,-75,-88,-84,-86,-84,-84,,,,,,,,,,,,,,,,,,,,,,,,,,,,,,,,,,,,,,,,,,,,,,,,,,,,,,,
1453855942757,-62,-49,-72,-82,-65,-46,-75,,-77,,,-45,-83,-45,-65,-82,-75,,-76,-82,-66,-65,,-74,-62,-44,-64,-63,-66,-76,,-82,,,,-64,,,-76,-81,-76,,-68,-83,,-73,,,-85,-87,-69,-86,-65,-61,-63,-74,-71,-63,-84,-65,,,,-60,-65,-84,,,,,,-75,,,-76,,,-86,-85,-74,-83,-84,-86,-73,-76,-88,-84,-83,-84,-84,,,,,,,,,,,,,,,,,,,,,,,,,,,,,,,,,,,,,,,,,,,,,,,,,,,,,,,
1453855943702,-62,-49,-72,-82,-62,-48,-75,,-77,,,-48,-83,-48,-63,-82,-71,,-80,-84,-70,-70,,-74,-62,-44,-64,-63,-66,-74,,-82,,,,-68,,,-78,-81,-78,,-68,-83,,-73,,,-85,-84,-69,-86,-61,-57,-60,-70,-71,-60,-84,-65,,,,-57,-65,-84,,,,,,-75,,,-76,,,,-85,-75,-85,-84,-85,-73,-76,-88,-84,-85,-84,-84,,,,,,,,,,,,,,,,,,,,,,,,,,,,,,,,,,,,,,,,,,,,,,,,,,,,,,,
1453855944635,-62,-49,-72,-77,-61,-48,-72,,-78,,,-51,-85,-52,-61,-85,-70,,-79,-84,-70,-68,,-72,-62,-44,-64,-63,-66,-73,,-82,,,,-69,,,-79,-81,-79,,-68,-83,,-73,,,-85,-84,-69,-87,-61,-62,-59,-70,-71,-59,-84,-65,,,,-60,-65,-84,-87,,-87,,,-75,,,-76,,,-86,-83,-67,-85,-84,-86,-66,-68,,-84,-85,-84,-84,-85,-85,-86,,,,,,,,,,,,,,,,,,,,,,,,,,,,,,,,,,,,,,,,,,,,,,,,,,,,
1453855945585,-62,-49,-72,-77,-59,-56,-72,,-78,,,-57,-85,-56,-59,-85,-70,,-79,-84,-67,-67,,-70,,,,,,-72,,,,,,-66,,,-79,-81,-78,,-68,-83,,-73,,,,-84,-69,-87,-58,-57,-58,-71,,-59,,,,,,-56,-65,-84,-87,,-84,,,-75,,,,,,-86,-80,-64,-85,-82,-84,-63,-65,,-83,-86,,,-85,-87,-86,,,,,,,,,,,,,,,,,,,,,,,,,,,,,,,,,,,,,,,,,,,,,,,,,,,,
1453855946514,,,-66,-78,-61,-56,-73,,-78,,,-57,-81,-59,-62,-81,-66,,-79,-84,-67,-67,,-72,,,,,,-72,,,,,,-66,,,-79,,-78,,-58,,,,,,,-86,-65,-85,-60,-52,-60,-71,,-60,,,,,,-55,,-85,-87,,-84,,,-70,,,,,,-86,-81,-70,-86,-81,-85,-67,-70,,-83,-86,,,-85,-87,-86,,,,,,,,,,,,,,,,,,,,,,,,,,,,,,,,,,,,,,,,,,,,,,,,,,,,
1453855947436,,,-66,-78,-61,-56,-69,,-85,,,-57,-83,-57,-66,-82,-71,,-83,-82,-63,-62,,-71,,,,,,-71,,,,,,-65,,,-79,,-78,,-58,,,,,,,-86,-65,-85,-59,-54,-57,-70,,-57,,,,,,-55,,-85,-87,,-84,,,-70,,,,,,-86,-81,-72,-86,-83,-85,-69,-73,-85,-83,-86,,,-85,-87,-86,,,,,,,,,,,,,,,,,,,,,,,,,,,,,,,,,,,,,,,,,,,,,,,,,,,,
1453855948358,,,-66,-78,-61,-57,-69,,-85,,,-57,-83,-56,-66,-82,-75,,-87,-85,-65,-62,,-76,-63,-57,,-74,-60,-76,,-84,,,,-65,,,-86,,-84,,-58,,,,,,,-86,-65,-85,-58,-54,-57,-75,-76,-56,,-54,,-79,,-55,,-85,-87,,-84,,,-70,,,-62,,,-86,-81,-62,-86,-81,-84,-62,-67,-83,-81,-86,-82,-85,-85,-87,-86,-89,,,,,,,,,,,,,,,,,,,,,,,,,,,,,,,,,,,,,,,,,,,,,,,,,,,
1453855949281,,,-66,-78,-61,-57,-69,,-85,,,-57,-83,-56,-66,-82,-75,,-87,-85,-65,-62,,-78,-62,-57,-76,-75,-55,-79,-77,-85,,,,-65,-57,-82,-86,,-84,,-58,,,,,-62,,-86,-65,-85,-58,-54,-54,-75,-79,-54,-88,-54,,-79,,-55,,-85,,,-84,,,-70,,-71,-68,,-83,,-81,-67,-86,-81,-84,-68,-67,-80,-81,-86,-81,-82,,-87,,-89,,,,,,,,,,,,,,,,,,,,,,,,,,,,,,,,,,,,,,,,,,,,,,,,,,,
1453855950255,-59,-59,-66,-78,-61,-57,-69,,-85,,,-57,-83,-56,-66,-82,-75,,-87,-85,-65,-62,,-84,-59,-57,-76,-75,-58,-85,-84,-85,,,-59,-65,-56,-84,-85,-86,-83,,-58,-87,-86,-84,,-59,-86,-86,-59,-85,-58,-54,-57,-75,-79,-57,-88,-54,-79,-79,-59,-55,-59,-79,,,,,,-75,,-67,-69,,-78,,-81,-68,-86,-81,-80,-68,-67,-80,-81,-86,-80,-82,,,,-89,,,,,,,,,,,,,,,,,,,,,,,,,,,,,,,,,,,,,,,,,,,,,,,,,,,
1453855951209,-59,-59,,,,-65,-69,,-85,,,-57,-83,-64,-62,-82,-76,,-85,-87,-58,-62,,-80,-61,-62,-76,-77,-58,-80,-84,-86,,,-59,-65,-56,-84,-85,-86,-85,,,-87,-86,-84,,-59,-86,-86,-59,-85,-54,-58,-52,-78,-80,-53,-88,-58,-83,-79,-59,,-59,-79,,,,,,-75,,-67,-69,,-78,,-75,-69,,-75,-76,-69,-73,-80,-75,-83,-77,-83,,,,-89,-90,,,,,,,,,,,,,,,,,,,,,,,,,,,,,,,,,,,,,,,,,,,,,,,,,,
1453855952133,-59,-59,,,,-65,-78,,-86,,,-63,-86,-65,-62,-88,-76,,-84,-87,-55,-56,,-77,-61,-62,-76,-77,-58,-80,-84,-86,,,-59,,-56,-84,-85,-86,-85,,,-87,-86,-84,,-59,-86,,-59,,-53,-57,-52,-77,-77,-52,-89,-58,-77,-79,-59,,-59,-79,,,,,,-75,,-67,-69,,-78,,-77,-73,,-77,-78,-71,-73,-78,-77,-83,-77,-77,,,,-89,-90,,,,,,,,,,,,,,,,,,,,,,,,,,,,,,,,,,,,,,,,,,,,,,,,,,
1453855953073,-59,-59,,,,-64,-78,,-86,,,-63,-86,-64,-62,-88,-76,,-86,-86,-52,-56,,-85,-66,-64,-76,-78,-52,-85,-84,-86,,,-59,,-56,-84,-85,-86,-84,,,-87,-86,-84,,-59,-86,,-59,,-49,-57,-50,-78,-87,-51,-89,-62,-77,-77,-59,,-59,-79,,,,,,-75,,-67,-82,,-78,,-77,-77,,-79,-78,-77,-79,-78,-77,-80,-79,-81,,,,,-90,-90,,,,,,,,,,,,,,,,,,,,,,,,,,,,,,,,,,,,,,,,,,,,,,,,,
1453855954004,-59,-59,,,,-61,-78,,-86,,,-63,-86,-61,-62,-88,-76,,-86,-86,-53,-56,,-80,-67,-60,-76,-80,-45,-80,-84,-84,,,-59,,-56,-84,-85,-86,-84,,,-87,-86,-84,,-59,-86,,-59,,-48,-57,-46,-80,-80,-46,-89,-57,-77,-76,-59,,-59,-79,,,,,,-75,,-67,-74,,-78,,-77,-74,,-79,-75,-73,-74,-77,-76,-80,-75,-82,,,,-87,-90,-90,-88,,,,,,,,,,,,,,,,,,,,,,,,,,,,,,,,,,,,,,,,,,,,,,,,
1453855954932,,,,,,-63,-78,,-86,,,-63,-86,-61,-62,-88,-76,,-86,-86,-49,-56,,-79,-68,-62,-77,-78,-46,-78,,-84,,,,,,-86,,,-87,,,,,,,-49,,,,,-47,-57,-46,-79,-78,-46,-89,-63,-77,-78,,,,,,,,,,,,,-75,,,,-77,-74,,-79,-75,-75,-74,-78,-77,-80,-75,-80,,,,-89,-88,-88,-89,,,,,,,,,,,,,,,,,,,,,,,,,,,,,,,,,,,,,,,,,,,,,,,,
1453855955910,,,,,,-66,-78,,-86,,,-68,-86,-67,-69,-87,-77,,-89,-86,-42,-42,,-79,-68,-62,-77,-78,-46,-78,,-84,,,,,,-86,,,-87,,,,,,,-49,,,,,-44,-68,-43,-79,-78,-44,-89,-63,-77,-78,,,,,,,,,,,,,-75,,,,-75,-78,,-75,-74,-78,-80,-74,-76,-78,-74,-80,,,,-85,-88,-87,-89,-83,-88,-88,-84,,,,,,,,,,,,,,,,,,,,,,,,,,,,,,,,,,,,,,,,,,,,
1453855956845,,,,,,-67,-81,,-82,,,-65,-87,-66,-73,-86,-77,,-81,-86,-44,-45,,-80,-68,-62,-77,-78,-46,-78,,-84,,,,,,-86,,,-87,,,,,,,-49,,,,,-39,-65,-37,-76,-80,-37,,-63,,-78,,,,,,,,,,,,,-75,,,,-73,-81,,-71,-73,-81,-82,-73,-71,-73,-73,-80,,,,-85,-88,-87,-89,-83,-88,-88,-84,-86,-86,,,,,,,,,,,,,,,,,,,,,,,,,,,,,,,,,,,,,,,,,,
1453855957793,,,,,,-66,-81,,-82,,,-65,-87,-66,-73,-86,-79,,-86,-86,-41,-40,,-79,-68,-62,-77,-77,-46,-78,,-86,,,,,,-86,,,-87,,,,,,,-49,,,,-87,-39,-67,-38,-78,-80,-38,-87,-63,,-78,,,,,,,,,,,,,-75,,,,-73,-81,,-74,-70,-81,-80,-72,-73,-73,-70,-80,,,,-84,-87,-84,-89,-83,-88,-88,-84,-87,-86,,,,,,,,,,,,,,,,,,,,,,,,,,,,,,,,,,,,,,,,,,
1453855958720,,,,,,-70,-78,,-86,,,-67,-85,-68,-70,-86,-79,,-86,-85,-37,-39,,-79,-68,-62,-77,-77,-46,-78,,-86,,,,,,-86,,,-87,,,,,,,-49,,,,-87,-42,-73,-39,-79,-80,-40,-87,-63,,-78,,,,,,,,,,,,,-75,,,,-73,-81,,-72,-67,-84,-83,-67,-70,-76,-67,-80,,-88,-86,-84,-87,-83,-83,-83,-83,-86,-84,-88,-86,-81,,,,,,,,,,,,,,,,,,,,,,,,,,,,,,,,,,,,,,,,,
1453855959656,,,,,,-65,-78,,-86,,,-67,-85,-65,-70,-87,-77,,-88,-87,-41,-39,,-79,,-66,,-77,,-78,,-86,,,,,,,,,,,,,,,,,,,,-87,-43,-75,-42,-79,-80,-43,-87,,,,,,,,,,,,,,,,,,,,-73,-81,,-70,-65,-87,-83,-66,-69,-65,-65,,,-88,-86,-78,-88,-87,-83,-83,-83,-86,-84,-88,-86,-81,,,,,,,,,,,,,,,,,,,,,,,,,,,,,,,,,,,,,,,,,
1453855960584,,,,,,-65,-78,,-86,,,-67,-85,-68,-68,-87,-80,,-87,-89,-41,-39,,-83,-69,-69,,-80,,-78,,-86,,,,,,,,,,,,,,,,,,,,-87,-42,-75,-39,-80,-86,-42,-87,-72,,-70,,,,,,,,,,,,,,,,,-73,-83,,-68,-57,-82,-83,-57,-69,-58,-57,-58,,-88,-82,-74,-82,-83,-83,-73,-83,-86,-73,-87,-86,-77,-90,-87,,,,,,,,,,,,,,,,,,,,,,,,,,,,,,,,,,,,,,,
1453855961507,,,,,,-64,-78,,-86,,,-67,-85,-68,-68,-87,-80,,-87,-89,-43,-39,,-82,-73,-65,-80,-81,-46,-82,-84,-87,,,,,-44,-87,,,-85,,,,,,,-45,,,,-87,-42,-75,-44,-80,-82,-44,-87,-73,,-65,,,,,,,,,,,,-88,,-56,-63,,-73,-83,,-68,-55,-88,-83,-55,-66,-58,-56,-63,,-88,-82,-73,-83,-83,-83,-74,-83,-86,-72,-87,-86,-77,-90,-88,-75,-81,-88,,,,,,,,,,,,,,,,,,,,,,,,,,,,,,,,,,,,
1453855962442,,,,,,-64,-78,,-86,,,-67,-85,-68,-68,-87,-80,,-87,-89,-43,-39,,-82,-72,-63,-81,-81,-51,-86,-86,-87,,,-72,,-47,-87,-89,,-89,,,,,-88,,-45,,,,-87,-42,-75,-47,-80,-82,-47,,-78,-69,-66,-79,,,,,,,,,,,-88,-81,-55,-70,,-73,-83,,-68,-55,-88,-83,-55,-66,-58,-55,-71,,-88,-82,-73,-83,-81,-80,-80,-83,-86,-80,-87,-86,-77,-90,-88,-75,-86,-88,-79,-81,-85,,,,,,,,,,,,,,,,,,,,,,,,,,,,,,,,,
1453855963412,,,,,,-64,,,,,,,,-68,-68,-87,-80,,-87,-89,-43,,,-82,-73,-69,-84,-81,-47,-80,-80,-87,,,-73,,-46,-87,-90,,-89,,,,,-82,,-51,,,,,-42,-75,-44,-80,-82,-44,,-77,-73,-60,-79,,,-61,,,,,,,,-86,-84,-70,-72,,,-83,,-68,-70,-88,,-55,-66,-58,-70,-76,,,-82,-73,-83,-77,-77,-80,,-86,-80,-87,,-77,-90,-88,-75,-86,-88,-79,-81,-85,-77,-90,-87,,,,,,,,,,,,,,,,,,,,,,,,,,,,,,
1453855964362,,,,,,-71,,,,,,,,-71,-68,,-80,,-89,-89,-50,,,-79,-76,-71,-84,-83,-52,-83,-80,-87,,,-73,,-46,-87,-90,,-89,,,,,-82,,-51,,,,,-53,,-51,-82,-82,-51,,-77,-73,-59,-79,,,-61,,,,,,,,-86,-84,-70,-72,,,-83,,-59,-68,-88,,-68,-60,-77,-68,-77,,,-82,-85,-77,-75,-74,-85,,-87,-85,-84,,-77,-90,-88,-85,-86,-88,-79,-81,-85,-77,-90,-84,-90,,,,,,,,,,,,,,,,,,,,,,,,,,,,,
1453855965303,,,,,,-70,,,,,,,,-71,-74,,-81,,-89,,-54,,,-87,-76,-69,-84,-82,-52,-83,-80,-87,,,-73,,-46,-87,-90,,-89,,,,,-82,,-51,,,,,-49,-80,-49,-82,-85,-49,,-77,-73,-59,-79,,,-61,,,,,,,,-86,-84,-70,-72,,-57,-86,,-55,-70,-88,-86,-72,-55,-78,-71,-77,,,,-85,-76,-71,-71,-85,,-85,-85,-86,,,,-88,-85,-86,-88,-79,-81,-85,-77,-90,-84,-90,,,,,,,,,,,,,,,,,,,,,,,,,,,,,
1453855966249,,,,,,-72,,,,,,-72,,-72,-72,,-81,,-89,,-53,-54,,-87,-76,-69,-84,-80,-52,-83,-80,,,,-73,,-46,,-90,,-89,,,,,-82,,-51,,,,,-53,-80,-52,-81,-87,-52,,-77,-73,-59,-79,,,-61,,,,,,,,-86,-84,-70,-72,,-55,-86,,-55,-71,-88,-86,-71,-57,-76,-71,-77,,,,-89,-73,-69,-69,-85,,-84,-85,-86,-83,,-90,,-85,-86,,-79,-81,-85,-77,-90,-84,-89,,,,,,,,,,,,,,,,,,,,,,,,,,,,,
1453855967215,,,,,,-73,-87,,,,,-69,,-72,-69,,-84,,-89,,-55,-56,,-86,-76,-69,-84,-80,-52,-83,-80,,,,-73,,-46,,-90,,,,,,,-82,,-51,,,,,-55,-79,-53,-83,-86,-53,,-77,-73,-59,-79,,,-61,,,,,,,,-86,-84,-70,-72,,-54,-86,,-55,-70,-89,-89,-71,-54,-79,-70,-77,,,,-89,-73,-68,-68,-85,-70,-84,-85,-85,-83,,-90,,-85,,,-79,,,-77,-90,-84,-89,,,,,,,,,,,,,,,,,,,,,,,,,,,,,
1453855968172,-72,-71,-84,,-73,-73,-88,,,,,-71,,-72,-73,,-85,,-89,,-55,-52,,-86,-76,-69,,-80,-52,-83,,,,,,-52,,,,,,,-52,,,,,,,,-54,,-55,-79,-52,-83,-86,-52,,-77,,-59,,-85,-83,-48,,,,,,-88,,,,,,-80,-46,-86,-78,-55,-77,-89,-89,-71,-54,-79,-77,-77,,,,-89,-73,-65,-65,-85,-65,-84,-88,-85,-83,,-90,,-85,,,,,,-67,,-84,-89,-83,-89,,,,,,,,,,,,,,,,,,,,,,,,,,,
1453855969110,-74,-70,-85,,-73,-73,-88,,,,,-71,,-72,-73,,-85,,-89,,-55,-52,,-86,,-69,-84,-80,,,-87,,,,-73,-60,-54,,,,,,-55,,,-85,,-60,,,-61,,-55,-79,-55,-83,-86,-55,,,-79,,-84,-85,-82,-50,,,,,,-88,,,,-78,-80,-80,-46,-86,-77,-55,-77,-89,-89,-71,-54,-79,-77,,,,,-89,-73,-62,-62,,-65,-84,-88,-85,-83,,-90,,,,,-64,-87,,-61,-90,,-89,-81,-89,-86,,,,,,,,,,,,,,,,,,,,,,,,,,
1453855970064,-71,-72,-85,,-72,-73,-88,,,,,-71,,-72,-73,,-85,,,,-55,-52,,-86,,,-84,-80,,,-86,,,,-72,-58,-60,,,,,,-61,,,-87,,-62,,,-59,,-55,-79,-57,-83,-86,-57,,,-82,,-82,-82,-81,-51,,,,,,-88,,,,-78,-80,-81,-46,,-76,-55,-77,-89,-89,-71,-54,-79,-77,,,,,-89,-73,-62,-62,,-65,-84,-89,-85,-83,,-90,,,,-89,-65,-90,,-62,-88,,-89,-83,-89,-86,,,,,,,,,,,,,,,,,,,,,,,,,,
1453855971037,-71,-72,-85,,-72,-72,-88,,,,,-71,,-71,-71,,-85,,,,-62,-52,,-83,-72,,-84,-84,-58,-86,-86,,,,-72,-58,-60,,,,,,-61,,,-87,,-62,,,-59,,-57,-86,-57,-85,-86,-58,,-85,-82,-50,-82,-82,-81,-51,,,,,,-88,,,,-78,-80,-81,-46,,-76,-48,-78,-89,-89,-71,-48,-84,-80,-82,,,,-89,-68,-67,-67,,-65,-84,-89,-81,-83,,,,,,-89,-65,-90,,-62,-88,-81,-85,-83,-89,-86,,,,,,,,,,,,,,,,,,,,,,,,,,
1453855971974,-71,-72,-85,,-72,-72,-88,,,,,-71,,-71,-71,,-85,,,,-62,-52,,-84,-74,-72,-86,-85,-57,-84,-86,,,,-72,-58,-60,,,,,,-61,,,-87,,-62,,,-59,,-57,-86,-57,-85,-84,-57,,-85,-82,-50,-82,-82,-81,-51,,,,,,-88,,,,-78,-80,-81,-46,,-76,-50,-76,-89,-89,-76,-50,-82,-75,-82,,,,-89,-66,-66,-66,,-65,-80,-89,-80,-81,,,,,,-89,-65,-90,,-62,-88,-81,-87,-83,-89,-86,-85,-87,,,,,,,,,,,,,,,,,,,,,,,,
1453855972941,-71,-72,-85,,-72,-73,,,,,,,,-74,-71,,-85,,,,-65,,,-84,-74,-73,-86,-85,-60,-84,-86,,,,-72,-58,-60,,,,,,-61,,,-87,,-62,,,-59,,-61,-86,-60,-86,-84,-60,,-86,-82,-52,-82,-82,-81,-51,,,,,,,,,,-78,-80,-81,,,-76,-49,-79,-89,-89,-80,-50,-84,-80,-85,,,,-89,-68,-68,-68,,,-82,-89,-81,-81,,-84,,,,-89,-65,-90,,-62,-88,-81,-86,-83,,-86,-85,-87,,,,,,,,,,,,,,,,,,,,,,,,
1453855973916,-71,-72,-85,,-72,-77,-87,,-89,,,-75,,-76,-77,,-85,,-89,,-67,-67,,-86,-74,-73,-86,-85,-60,-84,-86,,,,-72,-68,-60,,,,,,-61,,,-87,,-62,,,-59,,-60,-86,-62,-85,-86,-62,,-86,-82,-52,-82,-82,-81,-51,,,,,,,,,,,,-81,-55,-89,-76,-55,-78,-89,-89,-80,-54,-84,-78,-85,,,,-89,-68,-71,-71,,-74,-80,-89,-78,-77,,-88,,,,-89,-65,-90,,-62,-88,-81,-86,-83,-86,-86,-85,-87,-88,-87,-87,-87,,,,,,,,,,,,,,,,,,,,
1453855974847,-77,-76,-86,,-77,-77,-87,,-89,,,-75,,-76,-77,,-85,,-89,,-67,-67,,-86,-74,-73,-86,-85,-60,-84,-84,,,,-79,-66,-57,,,,,,-58,,,-84,,-65,,,-66,,-60,-86,-58,-85,-86,-58,,-86,-81,-52,-84,,-84,-54,,,,,,,,,,-82,-82,-82,-55,-89,,-55,-78,-89,-89,-80,-54,-84,-78,-85,,,,-89,-68,-71,-72,,-74,-76,,-78,-76,,-88,,,,-85,-73,,,-71,-86,-81,-86,-78,-86,-86,-85,-87,-88,-87,-87,-87,-87,-86,,,,,,,,,,,,,,,,,,
1453855975787,-77,-74,-88,,-77,-77,-82,,-91,,,-76,,-76,-77,,,,-89,,-67,-67,,-86,-74,-73,-86,-85,-60,-84,-84,,,,-78,-66,-57,,,,,,-66,,,-82,,-65,,,-67,,-60,,-63,-85,-86,-63,,-86,-81,-52,-82,-82,-82,-58,,,,,,,,,,-82,-82,-85,-56,-89,-83,-55,-82,-89,-89,-80,-54,-84,-82,-85,,,,,-68,-76,-77,,-76,-76,,-78,-75,,-88,,,,-80,-81,,,-79,-80,-81,-86,-71,-82,-84,-85,-87,-88,-86,-87,-87,-76,-86,-77,,,,,,,,,,,,,,,,,
1453855976762,-76,-77,-88,-90,-76,-77,-86,,-89,,,-77,,-76,-77,,,,-89,,-67,-67,,-86,-74,-73,,,-60,,-84,,,,-76,-66,-57,,,,,,-66,,,-87,,-65,,,-67,,-60,,-65,-85,-86,-65,,-86,-84,-52,-82,-85,-86,-55,,,,,,,,,,-82,-82,-85,-56,-89,-82,-55,-82,-89,,-80,-54,-84,-82,-85,,,,,-68,-72,-72,,-72,-76,,-78,-75,,-88,,,,-74,-74,,,-73,-74,-81,-86,-71,-74,-76,,-78,-88,-78,-74,-78,-74,-74,-74,-84,-85,-85,-78,-84,,,,,,,,,,,,
1453855977711,-76,-77,-88,-90,-76,-77,-86,,-89,,,-77,,-76,-77,,,,-89,,-67,-67,,-86,-79,-73,,-86,-61,-88,-89,,,,-79,-66,-62,,,,,,-66,,,-87,,-61,,,-67,,-60,,-60,-85,-86,-60,,-82,-85,-60,-82,-85,-86,-55,,,,,,,,,,-82,-86,-85,-56,-89,-82,-55,-81,-89,,,-54,-84,-82,-86,,,,,-71,-71,-71,,-72,-76,,-78,-75,,-88,,,,-80,-72,,,-73,-80,-69,-79,-71,-74,-80,-74,-74,-88,-78,-75,-74,-75,-75,-74,-84,-85,-85,-74,-84,-75,-76,-86,-87,-87,-86,-87,,,,,
1453855978660,-76,-77,-88,-90,-76,-75,-86,,-89,,,-77,,,,,,,,,,,,,-79,-75,,-86,-62,-88,-89,,,,-79,-66,-63,,,,,,-66,,,-87,,-61,,,-67,,,,-63,,-90,-64,,-82,-85,-61,-82,-85,-86,-55,,,,,,,,,,-84,-86,-85,-56,,-82,,-81,,,-83,-60,,-82,-86,,,,,-76,-76,-76,,-72,-69,,,-75,,,,,,-78,-72,,,-73,-77,-70,-83,-71,-74,-80,-71,-71,,-78,-72,-71,-72,-72,-74,-84,-85,-85,-71,-84,-73,-72,-85,-84,-87,-86,-87,-88,,,,
1453855979634,-76,-77,-88,-90,-76,-71,-86,,-89,,,-77,,,,,,,,,-63,,,-83,-76,-72,-84,-86,-60,-83,-89,,,,-79,-66,-63,,,,,,-66,,,-87,,-61,,,-67,,-62,,-58,-87,-86,-58,,-86,-85,-62,-82,-85,-86,-55,,,,,,,,,-88,-84,-86,-85,-56,,-82,-62,-81,-89,-90,-81,-63,-85,-81,-84,,,,,-78,-76,-76,,-72,-66,,,-75,,,,,,-76,-72,,,-73,-76,-67,-77,-71,-74,-80,-81,-79,-87,-78,-72,-79,-72,-72,-74,-84,-85,-85,-79,-84,-87,-86,-85,-84,-87,-86,-87,-87,,,,
1453855980613,-76,-77,,-90,-79,-71,-82,,-89,,,-78,,-79,-81,,,,,,-63,-67,,-83,-76,-72,-84,-86,-60,-83,-89,,,,-79,-69,-63,,,,,,-65,,,-87,,-61,,,-70,,-66,-88,-66,-87,-86,-66,,-86,-85,-62,-82,-88,-86,-67,,,,,,,,,-88,-84,-86,-85,-65,,-82,-65,-81,-89,-90,-81,-63,-85,-84,-84,,,,,-78,-77,-77,,-78,-66,,-65,-64,,-70,,,,-69,-72,,,-73,-69,-67,-77,,-69,-80,-81,-79,-87,-85,-87,-87,-87,-72,-88,-84,-85,-85,-79,-84,-87,-86,-85,-84,-87,-86,-87,-87,,,,
1453855981588,-77,-77,,,-79,-71,-82,,,,,-78,,-79,-81,,,,,,-63,-67,,-83,-76,-72,-84,-86,-60,-83,-89,,,,-77,-69,-63,,,,,,-65,,,-88,,-66,,,-67,,-66,-88,-66,-87,-86,-66,,-86,-86,-62,-86,-88,-86,-66,,,,,,,,,-88,-86,-86,-85,-65,,,-65,-81,-89,-90,-81,-63,-85,-84,-84,,,,,-78,-77,-77,,-78,-66,,-65,-64,,-70,,,,-70,-79,,,-78,-70,-67,-77,-67,-69,-73,-85,-79,-87,-85,-87,-87,-87,-72,-88,,,,-79,,-87,-88,-85,-84,-87,-86,-87,-87,,,,
1453855982526,-77,-77,,,-79,-78,-82,,,,,-78,,-78,-81,,,,,,-72,-67,,-89,-79,-72,-84,-86,-72,-89,,,,,-77,-69,-63,,,,,,-65,,,-88,,-66,,,-67,,-71,-88,-69,-87,-86,-69,,-86,-86,-67,-86,-88,-86,-66,,,,,,,,,-88,-86,,-85,-65,,,-65,-85,-89,-90,-86,-68,-88,-86,-88,,,,,-82,-81,-82,,-78,-66,,-66,-64,,-70,,,,-71,-79,,,-78,-71,-69,-70,-67,-69,-73,-85,-83,-87,-85,-87,-87,-87,-72,-88,,,,-79,,-87,-87,-85,-84,,,,-87,,,,
1453855983470,-77,-77,,,-79,-77,-82,,,,,-78,,-78,-81,,,,,,-66,-67,,-85,-80,-72,-84,-86,-72,-85,,,,,-77,-69,,,,,,,-65,,,-88,,-66,,,-67,,-71,-88,-71,-87,-86,-72,,-86,-86,-70,-86,-88,-86,-66,,,,,,,,,-88,-86,,-85,-65,,,-68,-85,-89,-90,-86,-68,-87,-82,-87,,,,,-84,-84,-84,,-78,-62,,-62,-64,,-70,,,,-70,-79,,,-78,-71,-62,-70,-67,-69,-73,-83,-84,-88,-85,-87,-85,-87,,-88,,,,-79,,-87,-87,,,,,,-87,,,,
1453855984416,-77,-77,,,-79,-79,-82,,,,,-79,,-79,-84,,,,,,-72,-67,,-85,-83,-81,,,-72,-88,,,,,-77,-69,,,,,,,-65,,,-88,,-66,,,-67,,-70,-88,-70,,-86,-71,,,-86,-70,-86,-88,-86,-66,,,,,,,,,,-86,,-85,-65,,,-66,-84,,,-86,-66,-84,-85,-84,,,,,-84,-82,-84,,-78,-58,,-59,-64,,-65,,,,-67,-79,,,-78,-67,-57,-65,-67,-69,-73,-83,-83,-85,-85,-87,-82,-87,,-88,,,,,,-84,-87,,,,,,,,,,
1453855985344,-77,-77,,,,-81,,,,,,-79,,-81,-83,,,,,,-72,,,-87,-83,-81,,,-72,-87,,,,,-77,,,,,,,,,,,-88,,-66,,,-67,,-68,-88,-67,,-87,-67,,,-86,-70,-86,,-86,-66,,,,,,,,,,-86,,,,,,-72,-85,,,-83,-71,-84,-85,-85,,,,,-84,-84,-84,,,-55,,-55,,,-65,,,,-65,-79,,,-78,-65,-57,-65,-67,,-73,-83,-77,-82,,-81,-76,,,,,-84,,-77,-84,-83,-87,,,,,,,-82,-83,-84,
1453855986264,,,,,,-81,,,,,,-79,,-81,-83,,,,,,-74,,,-88,-84,-80,,,-75,-87,,,,,,,,,,,,,,,,,,,,,,,-73,-88,-75,,-90,-75,,,,-70,,,,,,,,,,,,,,,,,,,,-72,-85,,,-84,-72,-84,-84,-85,,,,,-84,-84,-85,,,-58,,-55,,,-65,,,,-67,,,,,-67,-56,-67,,,,-75,-75,-78,,-81,-75,,,,,-79,,-75,-79,-77,-77,,-87,,,,,-79,-80,-78,-87
1453855987231,,,,,,-81,,,,,,-79,,-81,-83,,,,,,-74,,,-88,-86,-83,,,-81,-87,,,,,-86,,-78,,,,,,,,,,,,,,,,-73,-88,-76,,-90,-76,,,,-70,,,,,,,,,,,,,,,,,,,,-72,-85,,,-84,-72,-84,-84,-85,,,,,-88,-84,-89,,,-58,,-55,,,-65,,,,-65,-88,,,,-66,-56,-67,,,-70,-77,-75,-78,,-81,-75,,-79,,,-80,,-75,-80,-77,-81,,-87,,-88,,,-80,-80,-80,-87
1453855988189,,-87,,,,-81,,,,,,-79,,-81,-83,,,,,,-74,-77,,-88,-86,-83,,,-81,-87,,,,,-86,-77,-78,,,,,,-75,,,,,,,,,,-73,-88,-75,,-90,-75,,,,-70,,,,-77,,,,,,,,,,,,,-77,,,-72,-85,,,-84,-72,-84,-84,-85,,,,,-88,-84,-89,,,-58,,-55,-62,,-65,,,,-67,-90,,,,-66,-56,-67,-62,-66,-67,-77,-75,-78,,-81,-75,-81,-79,-80,,-77,,-75,-76,-77,-81,,-87,,-88,,,-80,-80,-77,-87
1453855989144,,-87,,,,-85,,,,,,-86,,-86,-83,,,,,,-80,-83,,-88,-86,-83,,,-81,-87,,,,,-86,-82,-78,,,,,,-75,,,,,,,,,,-81,-88,-81,,-90,-78,,,,-70,,,,-77,,,,,,,,,,,,,-78,,,-78,-85,,,-84,-78,,-84,-85,,,,,-88,-84,-89,,,-60,,-62,-62,,-68,,,,-67,-90,,,,-67,-56,-67,-62,-70,-67,-77,-75,-85,-77,-85,-77,-81,-79,-85,,-77,,-75,-77,-77,-81,,-87,,-88,,,-80,-80,-77,-87
1453855990050,,-87,,,,-85,,,,,,-82,,-86,,,,,,,-80,-79,,-88,-86,-83,,,-81,,,,,,-86,-79,-78,,,,,,-75,,,,,,,,,,-80,,-80,,-90,-78,,,,-70,,,,-81,,,,,,,,,,,,,-80,,,-80,,,,-84,-78,,-84,,,,,,-88,-84,-89,,,-60,,-57,-58,,-66,,,,-65,-90,,,,-65,-56,-67,-58,-64,-67,-77,-78,-85,-78,-84,-78,-83,-79,-83,,-81,,-78,-81,-77,-81,,-87,,-88,,,-80,-80,-81,-87
1453855990965,,-87,,,,-88,,,,,,-82,,-86,,,,,,,-83,-79,,,-86,-86,,,-78,,,,,,-86,-79,-78,,,,,,-75,,,,,,,,,,-78,,-80,,,-78,,,,-80,,,,-81,,,,,,,,,,,,,-80,,,-80,,,,,-80,,,,,,,,-88,,-89,,,-58,,-59,-58,,-66,,,,-61,-90,,,,-61,-58,-61,-58,-64,-67,-78,-78,-85,-78,-84,-79,-83,-79,-83,,-81,,-78,-81,-85,-81,,-87,,-88,,,-83,-82,-81,
1453855991884,,-87,,,,-88,,,,,,-82,,-86,,,,,,,-83,-79,,,,-86,,,-81,,,,,,,-79,-81,,,,,,-75,,,,,,,,,,-78,,-80,,,-78,,,,-83,,,,-81,,,,,,,,,,,,,-80,,,-80,,,,,-80,,,,,,,,,,-89,,,-58,,-59,-58,,-66,,,,-63,-90,,,,-63,-60,-61,-58,-64,-64,-75,-76,-85,-78,-84,-76,-83,-81,-83,,-81,,-76,-81,-85,-82,,,,,,,-78,-82,-79,
1453855992814,,,,,,-88,,,,,,-82,,-86,,,,,,,-83,-79,,,,-86,,,-81,,,,,,,-85,-83,,,,,,-83,,,,,,,,,,-78,,-80,,,-78,,,,-83,,,,-84,,,,,,,,,,,,,-80,,,-80,,,,,-80,,,,,,,,,,-89,,,-58,,-59,-58,,-66,,,,-71,,,,,-71,-60,-61,-66,-64,-70,-75,-78,-85,-78,-84,-78,-87,-87,-83,,-86,,-79,-81,-85,-82,,,,,,,-78,-82,-79,
1453855993758,,,,,,-88,,,,,,-82,,,,,,,,,-83,-79,,,,-86,,,-81,,,,,,,-83,-83,,,,,,-83,,,,,,,,,,-78,,-82,,,-78,,,,-83,,,,-84,,,,,,,,,,,,,-80,,,-80,,,,,-80,,,,,,,,,,-89,,,-58,,-59,-68,,-66,,,,-75,,,,,-75,-60,-61,-68,-76,-73,-75,-78,-85,-79,-84,-79,-88,-87,-88,,-84,,-79,-85,-85,-82,,,,,,,-78,-82,-79,
1453855994684,,,,,,-88,,,,,,,,,,,,,,,-83,,,,,-86,,,-81,,,,,,,-83,-80,,,,,,-80,,,,,,,,,,-78,,-82,,,-78,,,,-83,,,,-84,,,,,,,,,,,,,,,,-80,,,,,-80,,,,,,,,,,-89,,,-58,,-59,-68,,,,,,-63,,,,,-63,-60,-61,-68,-76,-63,-75,-79,-85,-79,,-79,-82,-82,-88,,-85,,-80,-85,-85,-82,,,,,,,-78,-82,-79,
1453855995620,,,,,,,,,,,,,,,,,,,,,,-86,,,,,,,-81,,,,,,,-85,-80,,,,,,-81,,,,,,,,,,,,-83,,,,,,,-83,,,,-83,,,,,,,,,,,,,-83,,,,,,,,,,,,,,,,,,,,,,,,-63,,-73,,,,-72,,,,,-72,-60,,-63,-74,-63,-75,-81,,-81,,-82,-86,-82,-88,,-85,,-81,-85,,-82,,,,,,,-78,,-79,
1453855996524,,,,,,,,,,,,-87,,-85,,,,,,,,-80,,,,,,,,,,,,,,-81,-80,,,,,,-77,,,,,,,,-81,,-79,,-78,,,,,,,,,,,-82,,,,,,,,,,,,,-83,,,-81,,,,,,,,,,,,,,,,,,,,-65,-65,,-77,,,,-77,,,,,-77,,,-63,-77,-63,,-81,,-82,-88,-83,-86,-82,-86,,-85,,-81,-85,,,,,,,,,,,,
1453855997441,,,,,,,,,,,,-87,,-88,,,,,,,-84,-80,,,,-87,,,-85,,,,,,,-81,-80,,,,,,-77,,,,,,,,-81,,-83,,-78,,,-84,,,,-82,,,,-82,,,,,,,,,,,,,-83,,,-81,,,,,-82,,,,,,,,,,,,,-69,,-68,-65,,-77,,,,-72,,,,,-72,-67,-77,-63,-77,-63,-82,-82,,-82,-88,-83,-86,-82,-86,,-85,,-81,-85,,,,,,,,,,,,
1453855998371,,,,,,,,,,,,-87,,-88,,,,,,,-84,-80,,,,-87,,,-85,,,,,,,-81,-80,,,,,,-77,,,,,-86,,,-81,,-83,,-78,,,-84,,,,-82,,,,-82,,,,,,,,,,,,,-83,,,-81,,,,,-82,,,,,,,,,,,,,-69,,-68,-65,,-77,,,,-79,,,,,-78,-71,-77,-63,-77,-81,-87,-82,,-82,-88,-83,-86,-82,-86,,-85,,-81,,,,,,,,,,,,,
1453855999279,,,,,,,,,,,,-87,,-88,,,,,,,-84,-80,,,,-87,,,-85,,,,,,,-81,,,,,,,-77,,,,,-86,,,-81,,-83,,-78,,,-84,,,,-82,,,,-82,,,,,,,,,,,,,-83,,,-81,,,,,-82,,,,,,,,,,,,,-69,,-68,-65,,-77,,,,-85,,,,,-86,-71,-77,-74,-77,-86,-87,-82,,-82,-88,-83,-86,,-86,,,,-81,,,,,,,,,,,,,
1453856000203,,,,,,,,,,,,-87,,-88,,,,,,,-84,-80,,,,-87,,,-85,,,,,,,-81,,,,,,,-77,,,,,-86,,,-81,,-83,,-78,,,-84,,,,-82,,,,-82,,,,,,,,,,,,,,,,-81,,,,,-82,,,,,,,,,,,,,-69,,-79,-78,,-90,,,,-85,,,,,-89,-71,-77,-78,-88,-86,-87,-82,,-82,-88,-83,-86,,-86,,,,,,,,,,,,,,,,,
1453856001122,,,,,,,,,,,,,,-88,,,,,,,-84,,,,,-87,,,-85,,,,,,,,,,,,,,,,,,,-86,,,,,-83,,,,,-84,,,,-82,,,,,,,,,,,,,,,,,,,,-81,,,,,-82,,,,,,,,,,,,,-79,,-78,-78,,-85,,,,-85,,,,,-89,-71,-77,-78,-84,-86,-87,-82,,,,,,,,,,,,,,,,,,,,,,,,
1453856002021,,,,,,,,,,,,,,,,,,,,,,,,,,,,,,,,,,,,,,,,,,,,,,,,-86,,,,,,,,,,,,,,,,,,,,,,,,,,,,,,,,,,,,,,,,,,,,,,,,,,,,-82,,-82,-78,,-85,,,,-85,,,,,-89,-81,-90,-78,-84,-86,-87,,,,,,,,,,,,,,,,,,,,,,,,,
1453856002922,,,,,,,,,,,,,,,,,,,,,,,,,,,,,,,,,,,,,,,,,,,,,,,,,,,,,,,,,,,,,,,,,,,,,,,,,,,,,,,,,,,,,,,,,,,,,,,,,,,,-82,,-82,-78,,-85,,,,-89,,,,,-89,-81,-90,-84,-84,-89,,,,,,,,,,,,,,,,,,,,,,,,,,
1453856003821,,,,,,,,,,,,,,,,,,,,,,,,,,,,,,,,,,,,,,,,,,,,,,,,,,,,,,,,,,,,,,,,,,,,,,,,,,,,,,,,,,,,,,,,,,,,,,,,,,,,-83,,-84,-84,,-90,,,,-89,,,,,-89,-81,-90,-84,-88,-89,,,,,,,,,,,,,,,,,,,,,,,,,,
1453856004700,,,,,,,,,,,,,,,,,,,,,,,,,,,,,,,,,,,,,,,,,,,,,,,,,,,,,,,,,,,,,,,,,,,,,,,,,,,,,,,,,,,,,,,,,,,,,,,,,,,,-83,,-84,-84,,-90,,,,-89,,,,,,-85,-90,-84,-88,-89,,,,,,,,,,,,,,,,,,,,,,,,,,
1453856005594,,,,,,,,,,,,,,,,,,,,,,,,,,,,,,,,,,,,,,,,,,,,,,,,,,,,,,,,,,,,,,,,,,,,,,,,,,,,,,,,,,,,,,,,,,,,,,,,,,,,-83,,-81,-84,,-90,,,,-89,,,,,,-85,-90,-84,-88,-89,,,,,,,,,,,,,,,,,,,,,,,,,,
1453856006509,,,,,,,,,,,,,,,,,,,,,,,,,,,,,,,,,,,,,,,,,,,,,,,,,,,,,,,,,,,,,,,,,,,,,,,,,,,,,,,,,,,,,,,,,,,,,,,,,,,,-83,,-81,-84,,-90,,,,-89,,,,,,-82,,-84,-88,-89,,,,,,,,,,,,,,,,,,,,,,,,,,
1453856007403,,,,,,,,,,,,,,,,,,,,,,,,,,,,,,,,,,,,,,,,,,,,,,,,,,,,,,,,,,,,,,,,,,,,,,,,,,,,,,,,,,,,,,,,,,,,,,,,,,,,-83,,-81,-84,,-90,,,,,,,,,,-82,,-85,-88,,,,,,,,,,,,,,,,,,,,,,,,,,,
1453856008309,,,,,,,,,,,,,,,,,,,,,,,,,,,,,,,,,,,,,,,,,,,,,,,,,,,,,,,,,,,,,,,,,,,,,,,,,,,,,,,,,,,,,,,,,,,,,,,,,,,,,,-81,-84,,,,,,,,,,,,-82,,-85,-88,,,,,,,,,,,,,,,,,,,,,,,,,,,
1453856009225,,,,,,,,,,,,,,,,,,,,,,,,,,,,,,,,,,,,,,,,,,,,,,,,,,,,,,,,,,,,,,,,,,,,,,,,,,,,,,,,,,,,,,,,,,,,,,,,,,,,-84,,-84,-85,,,,,,,,,,,,-82,,-85,-88,,,,,,,,,,,,,,,,,,,,,,,,,,,
1453856010104,,,,,,,,,,,,,,,,,,,,,,,,,,,,,,,,,,,,,,,,,,,,,,,,,,,,,,,,,,,,,,,,,,,,,,,,,,,,,,,,,,,,,,,,,,,,,,,,,,,,-84,,-84,-85,,,,,,,,,,,,-82,,-85,,,,,,,,,,,,,,,,,,,,,,,,,,,,
1453856010992,,,,,,,,,,,,,,,,,,,,,,,,,,,,,,,,,,,,,,,,,,,,,,,,,,,,,,,,,,,,,,,,,,,,,,,,,,,,,,,,,,,,,,,,,,,,,,,,,,,,-86,,-85,-85,,,,,,,,,,,,-86,,-85,,,,,,,,,,,,,,,,,,,,,,,,,,,,
1453856011877,,,,,,,,,,,,,,,,,,,,,,,,,,,,,,,,,,,,,,,,,,,,,,,,,,,,,,,,,,,,,,,,,,,,,,,,,,,,,,,,,,,,,,,,,,,,,,,,,,,,-86,,-85,-85,,,,,,,,,,,,-86,,-85,,,,,,,,,,,,,,,,,,,,,,,,,,,,
1453856012770,,,,,,,,,,,,,,,,,,,,,,,,,,,,,,,,,,,,,,,,,,,,,,,,,,,,,,,,,,,,,,,,,,,,,,,,,,,,,,,,,,,,,,,,,,,,,,,,,,,,-86,,-85,-85,,,,,,,,,,,,-86,,-85,,,,,,,,,,,,,,,,,,,,,,,,,,,,
1453856013663,,,,,,,,,,,,,,,,,,,,,,,,,,,,,,,,,,,,,,,,,,,,,,,,,,,,,,,,,,,,,,,,,,,,,,,,,,,,,,,,,,,,,,,,,,,,,,,,,,,,-86,,-85,,,,,,,,,,,,,-86,,-85,,,,,,,,,,,,,,,,,,,,,,,,,,,,
1453856014546,,,,,,,,,,,,,,,,,,,,,,,,,,,,,,,,,,,,,,,,,,,,,,,,,,,,,,,,,,,,,,,,,,,,,,,,,,,,,,,,,,,,,,,,,,,,,,,,,,,,-87,,-86,,,,,,,,,,,,,-86,,-85,,,,,,,,,,,,,,,,,,,,,,,,,,,,
1453856015439,,,,,,,,,,,,,,,,,,,,,,,,,,,,,,,,,,,,,,,,,,,,,,,,,,,,,,,,,,,,,,,,,,,,,,,,,,,,,,,,,,,,,,,,,,,,,,,,,,,,-87,,-86,,,,,,,,,,,,,,,-85,,,,,,,,,,,,,,,,,,,,,,,,,,,,
1453856016309,,,,,,,,,,,,,,,,,,,,,,,,,,,,,,,,,,,,,,,,,,,,,,,,,,,,,,,,,,,,,,,,,,,,,,,,,,,,,,,,,,,,,,,,,,,,,,,,,,,,-87,,-86,,,,,,,,,,,,,,,,,,,,,,,,,,,,,,,,,,,,,,,,,,,
1453856017202,,,,,,,,,,,,,,,,,,,,,,,,,,,,,,,,,,,,,,,,,,,,,,,,,,,,,,,,,,,,,,,,,,,,,,,,,,,,,,,,,,,,,,,,,,,,,,,,,,,,-87,,-86,,,,,,,,,,,,,,,,,,,,,,,,,,,,,,,,,,,,,,,,,,,
1453856018081,,,,,,,,,,,,,,,,,,,,,,,,,,,,,,,,,,,,,,,,,,,,,,,,,,,,,,,,,,,,,,,,,,,,,,,,,,,,,,,,,,,,,,,,,,,,,,,,,,,,-87,,-86,,,,,,,,,,,,,,,,,,,,,,,,,,,,,,,,,,,,,,,,,,,
1453856018955,,,,,,,,,,,,,,,,,,,,,,,,,,,,,,,,,,,,,,,,,,,,,,,,,,,,,,,,,,,,,,,,,,,,,,,,,,,,,,,,,,,,,,,,,,,,,,,,,,,,-87,,-86,,,,,,,,,,,,,,,,,,,,,,,,,,,,,,,,,,,,,,,,,,,
1453856019817,,,,,,,,,,,,,,,,,,,,,,,,,,,,,,,,,,,,,,,,,,,,,,,,,,,,,,,,,,,,,,,,,,,,,,,,,,,,,,,,,,,,,,,,,,,,,,,,,,,,-87,,-86,,,,,,,,,,,,,,,,,,,,,,,,,,,,,,,,,,,,,,,,,,,
1453856020689,,,,,,,,,,,,,,,,,,,,,,,,,,,,,,,,,,,,,,,,,,,,,,,,,,,,,,,,,,,,,,,,,,,,,,,,,,,,,,,,,,,,,,,,,,,,,,,,,,,,-87,,-86,,,,,,,,,,,,,,,,,,,,,,,,,,,,,,,,,,,,,,,,,,,
1453856021570,,,,,,,,,,,,,,,,,,,,,,,,,,,,,,,,,,,,,,,,,,,,,,,,,,,,,,,,,,,,,,,,,,,,,,,,,,,,,,,,,,,,,,,,,,,,,,,,,,,,-87,,-86,,,,,,,,,,,,,,,,,,,,,,,,,,,,,,,,,,,,,,,,,,,
1453856022445,,,,,,,,,,,,,,,,,,,,,,,,,,,,,,,,,,,,,,,,,,,,,,,,,,,,,,,,,,,,,,,,,,,,,,,,,,,,,,,,,,,,,,,,,,,,,,,,,,,,-87,,-86,,,,,,,,,,,,,,,,,,,,,,,,,,,,,,,,,,,,,,,,,,,
1453856023305,,,,,,,,,,,,,,,,,,,,,,,,,,,,,,,,,,,,,,,,,,,,,,,,,,,,,,,,,,,,,,,,,,,,,,,,,,,,,,,,,,,,,,,,,,,,,,,,,,,,-87,,-86,,,,,,,,,,,,,,,,,,,,,,,,,,,,,,,,,,,,,,,,,,,
1453856024199,,,,,,,,,,,,,,,,,,,,,,,,,,,,,,,,,,,,,,,,,,,,,,,,,,,,,,,,,,,,,,,,,,,,,,,,,,,,,,,,,,,,,,,,,,,,,,,,,,,,-87,,-86,,,,,,,,,,,,,,,,,,,,,,,,,,,,,,,,,,,,,,,,,,,
1453856025080,,,,,,,,,,,,,,,,,,,,,,,,,,,,,,,,,,,,,,,,,,,,,,,,,,,,,,,,,,,,,,,,,,,,,,,,,,,,,,,,,,,,,,,,,,,,,,,,,,,,-87,,-86,,,,,,,,,,,,,,,,,,,,,,,,,,,,,,,,,,,,,,,,,,,
1453856025948,,,,,,,,,,,,,,,,,,,,,,,,,,,,,,,,,,,,,,,,,,,,,,,,,,,,,,,,,,,,,,,,,,,,,,,,,,,,,,,,,,,,,,,,,,,,,,,,,,,,-87,,-86,,,,,,,,,,,,,,,,,,,,,,,,,,,,,,,,,,,,,,,,,,,
1453856026834,,,,,,,,,,,,,,,,,,,,,,,,,,,,,,,,,,,,,,,,,,,,,,,,,,,,,,,,,,,,,,,,,,,,,,,,,,,,,,,,,,,,,,,,,,,,,,,,,,,,-87,,-86,,,,,,,,,,,,,,,,,,,,,,,,,,,,,,,,,,,,,,,,,,,
